位置,檔案名稱,檔案種類,Key,English(en),Chinese (Traditional)(zh-Hant),Chinese (Simplified)(zh-Hans),Thai(th)
Loading畫面,,按鍵,Btn_Continue,Continue,繼續,继续,ดำเนินการต่อ
Loading畫面,,波動性,Loading_Volatility,Volatility,波動性,波动性,ความผันผวน
獎勵彈窗,,內文,Continue_Hint,Press anywhere to continue.,點擊任一處繼續,点击任一处继续,แตะที่ใดก็ได้เพื่อดำเนินการต่อ
主遊戲共用,,按鍵,Btn_Off,OFF,關,关,ปิด
主遊戲共用,,按鍵,Btn_On,ON,開,开,เปิด
確認視窗共用,,按鍵,Btn_Cancel,Cancel,取消,取消,ยกเลิก
確認視窗共用,,按鍵,Btn_Start,Start,開始,开始,เริ่มต้น
確認視窗共用,,按鍵,Btn_Confirm,Confirm,確認,确认,ยืนยัน
Auto Setting視窗,,選項標題,Auto_Stop_FG,"Stop if "" Free Game "" is activated",觸發「免費遊戲」，則停止自動下注,触发“免费游戏”，则停止自动下注,"หยุดอัตโนมัติเมื่อเข้าสู่ ""ฟรีเกม"""
Auto Setting視窗,,視窗標題,Auto_Setting,AutoSpin Setting,自動旋轉設定,自动旋转设定,ตั้งค่า หมุนอัตโนมัติ
Buy Bonus視窗,,視窗標題,Buy_BuyBonus,BUY BONUS,購買獎勵,购买奖励,ซื้อโบนัส
Buy Bonus視窗,,內文,Buy_Bet,BET,押注,押注,เดิมพัน
Buy Bonus視窗,,選項標題,Buy_FreeSpins,FREE SPINS,免費旋轉,免费旋转,ฟรีสปิน
Buy Bonus視窗,,選項標題,Buy_SuperFreeSpins,SUPER FREE SPINS,超級免費旋轉,超级免费旋转,ซุปเปอร์ฟรีสปิน
Buy Bonus視窗,,按鍵,Btn_Buy,BUY,購買,购买,ซื้อ
Buy Bonus種類,,內文,Buy_Name,BUY FREE SPINS,購買免費遊戲功能,购买免费游戏功能,ซื้อฟรีสปิน
Buy Bonus種類,,內文,Buy_NameSuper,BUY SUPER FREE SPINS,購買超級免費遊戲功能,购买超级免费游戏功能,ซื้อซูเปอร์ฟรีสปิน
Buy Bonus視窗,,內文,Buy_Costs,This Bonus costs,免費遊戲需花費,免费游戏需花费,โบนัสนี้มีค่าใช้จ่าย
INFO_共用操作,,大標題,Info_HowToPlay,How to Play,遊戲玩法,游戏玩法,วิธีการเล่น
INFO_共用操作,,小標題,Info_Spin,Spin,旋轉,旋转,หมุน
INFO_共用操作,,內文,Info_Spin_1,Click / tap to start at the current Bet.,輕觸以目前下注額開始。,轻触以当前下注额开始。,คลิกหรือนิ้วแตะเพื่อเริ่มเกมด้วยจำนวน เดิมพัน ปัจจุบัน
INFO_共用操作,,內文,Info_Spin_2,Click / tap the button or the game area during a spin stop to stop the reels.,在旋轉過程中，輕觸按鈕或遊戲區域來停止。,在旋转过程中，轻触按钮或游戏区域来停止。,คลิกหรือนิ้วแตะที่ปุ่มหรือพื้นที่เกมระหว่างการหมุนเพื่อหยุดวงล้อ
INFO_共用操作,,小標題,Info_Stop,Stop,停止,停止,หยุด
INFO_共用操作,,內文,Info_Stop_1,Click / tap to stop normal Spin or Auto Spin. The number on the button indicates the remaining number of spins for Auto Spin.,輕觸以停止自動旋轉。按鈕上的數字表示...,轻触以停止自动旋转。按钮上的数字表示...,คลิกหรือนิ้วแตะเพื่อหยุดการหมุนปกติหรือการหมุนอัตโนมัติ ตัวเลขบนปุ่มจะแสดงจำนวนครั้งที่เหลือของการหมุนอัตโนมัติ
INFO_共用操作,,小標題,Info_SpaceBar,Space Bar,空白鍵,空格键,ปุ่มเว้นวรรค
INFO_共用操作,,內文,Info_SpaceBar_1,"Click to start at the current Bet.
Click the button or the game area during a spin stop to stop the reels.
Click during a spin to stop the normal Spin or Auto Spin. The number on the button indicates the remaining Auto Spins.",當遊戲在旋轉中時，點擊可停止一般旋轉或自動旋轉。按鈕上的數字表示自動旋轉剩餘的次數。,当游戏在旋转中时，点击可停止一般旋转或自动旋转。按钮上的数字表示自动旋转剩余的次数。,"คลิกเพื่อเริ่มเกมด้วยจำนวน เดิมพัน ปัจจุบัน
คลิกที่ปุ่มหรือพื้นที่เกมระหว่างการหมุนเพื่อหยุดวงล้อ
คลิกระหว่างการหมุนเพื่อหยุดการ หมุน ปกติหรือการ หมุนอัตโนมัติ ตัวเลขบนปุ่มจะแสดงจำนวนครั้งที่เหลือของการ หมุนอัตโนมัติ"
INFO_共用操作,,小標題,Info_Wallet,Balance,錢包餘額,钱包余额,ยอดเงินคงเหลือ
INFO_共用操作,,內文,Info_Wallet_1,"Your current balance is shown in the BALANCE display. 
Balance, bets and winnings are presented in the player's chosen currency.","您的目前餘額顯示在「餘額」頁面。
餘額、投注額和獎金均以玩家選擇的貨幣顯示。","您的目前余额显示在「余额」页面。
余额、投注额和奖金均以玩家选择的货币显示。","ยอดเงินคงเหลือปัจจุบันของคุณจะแสดงอยู่ในช่อง ยอดเงินคงเหลือ 
ยอดเงินคงเหลือ การเดิมพัน และเงินรางวัล จะแสดงในสกุลเงินที่ผู้เล่นเลือกไว้"
INFO_共用操作,,小標題,Info_Bet,Bet Amount,下注金額,下注金额,จำนวนเดิมพัน
INFO_共用操作,,內文,Info_Bet_1,"Click / tap to display the Bet Options.
The current bet level is shown in the BET display. 
Change the bet by clicking on the arrows and choosing the bet level of your choice.",輕觸以顯示下注選項。,轻触以显示下注选项。,"คลิกหรือนิ้วแตะเพื่อแสดงตัวเลือกการเดิมพัน
ระดับการเดิมพันปัจจุบันจะแสดงอยู่ในช่อง เดิมพัน 
เปลี่ยนจำนวนเดิมพันได้โดยการคลิกที่ลูกศร แล้วเลือกระดับการเดิมพันที่คุณต้องการ"
INFO_共用操作,,小標題,Info_AutoSpin,Auto Spin,自動旋轉,自动旋转,หมุนอัตโนมัติ
INFO_共用操作,,內文,Info_AutoSpin_1,Auto Spin automatically plays the game for a selected number of spins.,自動旋轉會按照選定的次數自動進行遊戲。,自动旋转会按照选定的次数自动进行游戏。,หมุนอัตโนมัติจะเล่นเกมโดยอัตโนมัติตามจำนวนรอบที่เลือกไว้
INFO_共用操作,,內文,Info_AutoSpin_2,Click / tap on the values to select number of Auto Spins.,輕觸數字以選擇自動旋轉的次數。,轻触数字以选择自动旋转的次数。,คลิกหรือนิ้วแตะที่ค่าตัวเลขเพื่อเลือกจำนวนการหมุนอัตโนมัติ
INFO_共用操作,,小標題,Info_Rules,Rules,規則,规则,กฎกติกา
INFO_共用操作,,內文,Info_Rules_1,Click / tap to show winning combinations and paytable.,顯示中獎組合與賠付表。,显示中奖组合与赔付表。,คลิกหรือนิ้วแตะเพื่อแสดงชุดสัญลักษณ์ที่ชนะและตารางการจ่ายเงิน
INFO_共用操作,,內文,Info_Rules_2,Click / tap to show the game rules and button functions.,顯示遊戲規則與按鈕功能。,显示游戏规则与按钮功能。,คลิกหรือนิ้วแตะเพื่อแสดงกติกาเกมและการทำงานของปุ่มต่าง ๆ
INFO_共用操作,,小標題,Info_MoreSetting,More Settings,更多設定,更多设置,การตั้งค่าเพิ่มเติม
INFO_共用操作,,內文,Info_MoreSetting_1,Click / tap to access additional settings.,輕觸以存取其他設定。,轻触以访问其他设置。,คลิกหรือนิ้วแตะเพื่อเข้าสู่การตั้งค่าเพิ่มเติม
INFO_共用操作,,小標題,Info_Home,Home,主頁,主页,หน้าหลัก
INFO_共用操作,,內文,Info_Home_1,Click / tap to back the lobby.,輕觸以返回大廳。,轻触以返回大厅。,คลิกหรือนิ้วแตะเพื่อกลับไปยังล็อบบี้
INFO_共用操作,,小標題,Info_Turbo,Turbo Spin,加速旋轉,加速旋转,โหมดเทอร์โบ
INFO_共用操作,,內文,Info_Turbo_1,Click / tap to enable or disable the Turbo Spin to reduce the duration of reel spins in the main game.,輕觸以啟用或禁用加速旋轉，以縮短時間。,轻触以启用或禁用加速旋转，以缩短时间。,คลิกหรือนิ้วแตะเพื่อเปิดหรือปิด โหมดเทอร์โบ เพื่อลดระยะเวลาการหมุนของวงล้อในเกมหลัก
INFO_共用操作,,小標題,Info_Sound,Sound,聲音,声音,เสียง
INFO_共用操作,,內文,Info_Sound_1,Click / tap to turn sound ON or OFF.,輕觸以開啟或關閉聲音。,轻触以开启或关闭声音。,คลิกหรือนิ้วแตะเพื่อเปิดหรือปิดเสียง
INFO_共用操作,,小標題,Info_History,History,歷史記錄,历史记录,ประวัติ
INFO_共用操作,,內文,Info_History_1,Click / tap to shows details of the previous games played. Scroll down to the end to load more records.,顯示先前玩過遊戲的詳細資訊。滾動到底部以載入更多記錄。,显示先前玩过游戏的详细信息。滚动到底部以加载更多记录。,คลิกหรือนิ้วแตะเพื่อแสดงรายละเอียดของเกมที่เล่นก่อนหน้านี้ เลื่อนลงไปด้านล่างเพื่อโหลดบันทึกเพิ่มเติม
INFO_共用操作,,小標題,Info_Close,Close,關閉,关闭,ปิด
INFO_共用操作,,內文,Info_Close_1,Click / tap to return to the game.,輕觸以返回主遊戲。,轻触以返回主游戏。,คลิกหรือนิ้วแตะเพื่อกลับเข้าสู่เกม
INFO_共用操作,,大標題,Info_Interrupted,Interrupted game,遊戲中斷,游戏中断,เกมถูกขัดจังหวะ
INFO_共用操作,,內文,Info_Interrupted_1,"All game rounds may be reviewed in History.
Any amount wagered on an unfinished game will remain paused until you either complete the game or the game is void as a result of account inactivity or system maintenance. 
Any awards earned on an unfinished round will not be credited.
Game rounds will never be affected by unforeseen external errors due to hardware, bandwidth, network errors or similar.","所有遊戲回合均可在歷史記錄中查看。
任何未完成遊戲的投注金額都將暫停，直到您完成遊戲或因帳戶閒置或系統維護導致遊戲無效為止。
任何未完成回合獲得的獎勵將不予記入。
遊戲回合不會受到硬體、頻寬、網路錯誤或類似不可預見的外部錯誤的影響。","所有游戏回合均可在历史记录中查看。
任何未完成游戏的投注金额都将暂停，直到您完成游戏或因帐户闲置或系统维护导致游戏无效为止。
任何未完成回合获得的奖励将不予记入。
游戏回合不会受到硬件、带宽、网络错误或类似不可预见的外部错误的影响。","เกมที่ถูกขัดจังหวะทั้งหมดสามารถตรวจสอบได้ใน ประวัติ
จำนวนเงินที่วางเดิมพันไว้ในเกมที่ยังไม่จบจะถูกพักไว้ จนกว่าคุณจะเล่นเกมนั้นต่อให้จบ หรือจนกว่าเกมจะถูกยกเลิกเนื่องจากไม่มีการใช้งานบัญชี หรือการบำรุงรักษาระบบ
รางวัลใด ๆ ที่ได้รับในรอบที่ยังไม่เสร็จจะไม่ได้รับการเพิ่มเข้าบัญชี
รอบเกมจะไม่ถูกกระทบจากข้อผิดพลาดภายนอกที่ไม่คาดคิด เช่น ปัญหาฮาร์ดแวร์ แบนด์วิธ เครือข่าย หรือข้อผิดพลาดที่คล้ายกัน"
INFO_共用操作,,大標題,Info_General,General terms and conditions,一般條款和條件,一般条款和条件,ข้อกำหนดและเงื่อนไขทั่วไป
INFO_共用操作,,內文,Info_General_1,"All wins are multiplied by base bet.
All values are expressed as actual wins in coins.
When winning with multiple symbols, all wins are added to the total win.
Free spins win is awarded to the player after the round completes.
Free spins total win in the history contains the whole win of the cycle.","所有獎金乘以基礎投注。
所有金額均以實際獎金（以硬幣計算）表示。
使用多個符號獲勝時，所有獎金將添加到總獎金中。
免費旋轉獎金將在回合結束後獎勵給玩家。
歷史記錄中的免費旋轉總獎金包含該週期的全部獎金。","所有奖金乘以基础投注。
所有金额均以实际奖金（以硬币计算）表示。
使用多个符号获胜时，所有奖金将添加到总奖金中。
免费旋转奖金将在回合结束后奖励给玩家。
历史记录中的免费旋转总奖金包含该周期的全部奖金。","การชนะทั้งหมดจะถูกคูณด้วยจำนวนเดิมพันพื้นฐาน
ค่าทั้งหมดจะแสดงเป็นจำนวนเหรียญที่ชนะจริง
เมื่อชนะด้วยสัญลักษณ์หลายชุด การชนะทั้งหมดจะถูกรวมเข้าด้วยกันเป็นยอดรวม
การชนะจากฟรีสปินจะได้รับหลังจากรอบการหมุนฟรีสิ้นสุดลง
ยอดชนะรวมจากฟรีสปินที่แสดงใน ประวัติ จะรวมผลชนะทั้งหมดของรอบนั้น"
INFO_共用操作,,內文,Info_General_2,"The symbol payouts displayed above reflect the currently selected bet level. The theoretical payout for this game is {0}%. The RTP was calculated by simulating 10,000,000,000 rounds.","上方顯示的符號賠付反映了目前選擇的投注等級。本遊戲的理論賠付率為 {0}%。 RTP 是透過模擬 10,000,000,000 輪遊戲計算得出的。","上方显示的符号赔付反映了目前选择的投注等级。本游戏的理论赔付率为 {0}%。 RTP 是透过模拟 10,000,000,000 轮游戏计算得出的。","การจ่ายรางวัลของสัญลักษณ์ที่แสดงด้านบนสะท้อนถึงระดับการเดิมพันที่เลือกในปัจจุบัน
อัตราการจ่ายรางวัลตามทฤษฎีของเกมนี้คือ {0}%
ค่า RTP นี้คำนวณจากการจำลองการเล่นจำนวน 10,000,000,000 รอบ"
INFO_共用操作,,內文,Info_General_3,"The RTP of the game when using ""{0}"" is {1}%.",使用「{0}」時，遊戲的玩家回報率 (RTP) 為 {1}%。,使用「{0}」时，游戏的玩家回报率 (RTP) 为 {1}%。,"ค่า RTP ของเกมเมื่อใช้ ""{0}"" คือ {1}%"
INFO_共用操作,,內文,Info_General_4,"The RTP of the game when using the ""EXTRA BET"" is {0}%",使用「額外押注」時，遊戲的玩家回報率 (RTP) 為 {0}%。,使用「额外押注」时，游戏的玩家回报率 (RTP) 为 {0}%。,ค่า RTP ของเกมเมื่อใช้การ เดิมพันพิเศษ คือ {0}%
INFO_共用操作,,內文,Info_General_5,The allowed bet levels for this game are between {0} and {1}. Feature buys can exceed this limit.,此遊戲允許的投注額在 {0} 至 {1} 之間。購買特色功能可超過此限額。,此游戏允许的投注额在 {0} 至 {1} 之间。购买特色功能可超过此限额。,"ระดับการเดิมพันที่อนุญาตสำหรับเกมนี้อยู่ระหว่าง {0} ถึง {1}
การซื้อฟีเจอร์อาจเกินขีดจำกัดนี้ได้"
INFO_共用操作,,內文,Info_General_6,"Misuse or malfunction voids all pays and plays.
Any visual representation of a physical device (a reel, a wheel of fortune or similar) does not represent a ""real"" physical device and the probabilities of it stopping on any particular position is determined by the game's random number generator, and not the number of positions on each device.","誤用或故障將導致所有付款和遊戲無效。
任何實體設備（捲軸、命運之輪或類似裝置）的視覺呈現並不代表「真實」的實體設備，其停在特定位置的機率由遊戲的隨機數產生器決定，而非每個設備上的位置數量。","误用或故障将导致所有付款和游戏无效。
任何实体设备（滚动条、命运之轮或类似装置）的视觉呈现并不代表「真实」的实体设备，其停在特定位置的机率由游戏的随机数产生器决定，而非每个设备上的位置数量。","การใช้งานผิดวิธีหรือระบบขัดข้องจะทำให้การจ่ายรางวัลและการเล่นทั้งหมดเป็นโมฆะ
ภาพแสดงของอุปกรณ์ทางกายภาพ เช่น วงล้อ วงล้อเสี่ยงโชค หรือสิ่งที่คล้ายกัน เป็นเพียงภาพจำลองเท่านั้น
ความน่าจะเป็นของการหยุดในแต่ละตำแหน่งจะถูกกำหนดโดยตัวสร้างตัวเลขสุ่ม ของเกม ไม่ใช่จำนวนตำแหน่งจริงของอุปกรณ์นั้น"
換幣視窗,,內文,Switch_Combo,Do you want switch to Combo Coin? The current balance of Combo Coin is,您想切換到 Combo 幣嗎？ Combo 幣目前的餘額為,您想切换到 Combo 币吗？ Combo 币当前的余额为,
換幣視窗,,內文,Switch_Reel,Do you want switch to Reel? The current balance of Reel is,,,
